strModel,S,CR_EQ_FX_IF_IR_HW_NF_BK_1F
strParamSetID,S,CR_EQ_FX_IF_IR_HW_NF_BK_1F
strMarketDataGeneratorReference,S,QMarketDataGeneratorMFWKUsingInterpolator@quic_market_data_generator_mfwk:12
strProviderDependencyMappingReference,S,QProviderDependencyMapping_FX_IF_IR_HW_NF_PWC@quic_provider_dependency_mapping_fx_if_ir_hw_nf:12
strSimulatorMFWKReference,S,QMCSimulator_FX_IR_HW_1F_PWC_FM@quic_model_fx_ir_hw_1f:2

strRandomDrawContext,S,QRandomPseudoAntithetic
bUseEigenSym,B,true
bSimulateDefaults,B,FALSE
strMethod,S,mt
rMaxTimeStep,D,100000

CR_EQ_FX_IF_IR_HW_NF_BK_1F,{
CalibrationMethod,S,QModelCalibration_CR_EQ_FX_IF_IR_HW_1F_BK_1F@quic_model_cr_eq_fx_if_ir_hw_nf_bk_1f:2.0
DataExtractionMethod,S,QDataExtraction_CR_EQ_FX_IF_IR_HW_1F_BK_1F@quic_model_cr_eq_fx_if_ir_hw_nf_bk_1f:2.0
Model,S,QModel_CR_EQ_FX_IF_IR_HW_NF_BK_1F@quic_model_cr_eq_fx_if_ir_hw_nf_bk_1f:2.0
CalibrationSettings,L,CR_EQ_FX_IF_IR_HW_NF_BK_1F_PWC_CalibrationSettings
CurveNames,L,CR_EQ_FX_IF_IR_HW_NF_BK_1F_PWC_CurveNames
DataExtractionSettings,L,CR_EQ_FX_IF_IR_HW_NF_BK_1F_PWC_DataExtractionSettings
mpTradeInfo,L,PORTFOLIO_INFO
}

CR_EQ_FX_IF_IR_HW_NF_BK_1F_PWC_CalibrationSettings,{
astrCCY,AS, USD,AUD,CAD,CHF,CNH,CNY,DKK,EUR,GBP,HKD,IDR,INR,JPY,KRW,MYR,NOK,NZD,PHP,SEK,SGD,THB,TWD,ZAR 
astrII,AS
astrIICCY,AS
astrEquity,AS, AIJPM5UE_USD_EQ,DJUBS_USD_EQ,RDXUSD_USD_EQ,SPXD8UE_USD_EQ,SPXT10UE_USD_EQ,SX5E_EUR_EQ 
astrEquityCCY,AS, USD,USD,USD,USD,USD,EUR 
astrName,AS
arKappa,AR
aoSigma,AR
bCorrOrdinatesInMonths,B,false
ampCalibrationSettingsIR,AL, CR_EQ_FX_IF_IR_HW_NF_BK_1F_PWC_CalibrationSettings_USD,CR_EQ_FX_IF_IR_HW_NF_BK_1F_PWC_CalibrationSettings_AUD,CR_EQ_FX_IF_IR_HW_NF_BK_1F_PWC_CalibrationSettings_CAD,CR_EQ_FX_IF_IR_HW_NF_BK_1F_PWC_CalibrationSettings_CHF,CR_EQ_FX_IF_IR_HW_NF_BK_1F_PWC_CalibrationSettings_CNH,CR_EQ_FX_IF_IR_HW_NF_BK_1F_PWC_CalibrationSettings_CNY,CR_EQ_FX_IF_IR_HW_NF_BK_1F_PWC_CalibrationSettings_DKK,CR_EQ_FX_IF_IR_HW_NF_BK_1F_PWC_CalibrationSettings_EUR,CR_EQ_FX_IF_IR_HW_NF_BK_1F_PWC_CalibrationSettings_GBP,CR_EQ_FX_IF_IR_HW_NF_BK_1F_PWC_CalibrationSettings_HKD,CR_EQ_FX_IF_IR_HW_NF_BK_1F_PWC_CalibrationSettings_IDR,CR_EQ_FX_IF_IR_HW_NF_BK_1F_PWC_CalibrationSettings_INR,CR_EQ_FX_IF_IR_HW_NF_BK_1F_PWC_CalibrationSettings_JPY,CR_EQ_FX_IF_IR_HW_NF_BK_1F_PWC_CalibrationSettings_KRW,CR_EQ_FX_IF_IR_HW_NF_BK_1F_PWC_CalibrationSettings_MYR,CR_EQ_FX_IF_IR_HW_NF_BK_1F_PWC_CalibrationSettings_NOK,CR_EQ_FX_IF_IR_HW_NF_BK_1F_PWC_CalibrationSettings_NZD,CR_EQ_FX_IF_IR_HW_NF_BK_1F_PWC_CalibrationSettings_PHP,CR_EQ_FX_IF_IR_HW_NF_BK_1F_PWC_CalibrationSettings_SEK,CR_EQ_FX_IF_IR_HW_NF_BK_1F_PWC_CalibrationSettings_SGD,CR_EQ_FX_IF_IR_HW_NF_BK_1F_PWC_CalibrationSettings_THB,CR_EQ_FX_IF_IR_HW_NF_BK_1F_PWC_CalibrationSettings_TWD,CR_EQ_FX_IF_IR_HW_NF_BK_1F_PWC_CalibrationSettings_ZAR 
ampCalibrationSettingsFX,AL, void,FX_CalibrationSettings,FX_CalibrationSettings,FX_CalibrationSettings,FX_CalibrationSettings,FX_CalibrationSettings,FX_CalibrationSettings,FX_CalibrationSettings,FX_CalibrationSettings,FX_CalibrationSettings,FX_CalibrationSettings,FX_CalibrationSettings,FX_CalibrationSettings,FX_CalibrationSettings,FX_CalibrationSettings,FX_CalibrationSettings,FX_CalibrationSettings,FX_CalibrationSettings,FX_CalibrationSettings,FX_CalibrationSettings,FX_CalibrationSettings,FX_CalibrationSettings,FX_CalibrationSettings 
}

CR_EQ_FX_IF_IR_HW_NF_BK_1F_PWC_CalibrationSettings_USD,{
}

CR_EQ_FX_IF_IR_HW_NF_BK_1F_PWC_CalibrationSettings_AUD,{
}

CR_EQ_FX_IF_IR_HW_NF_BK_1F_PWC_CalibrationSettings_CAD,{
}

CR_EQ_FX_IF_IR_HW_NF_BK_1F_PWC_CalibrationSettings_CHF,{
}

CR_EQ_FX_IF_IR_HW_NF_BK_1F_PWC_CalibrationSettings_CNH,{
}

CR_EQ_FX_IF_IR_HW_NF_BK_1F_PWC_CalibrationSettings_CNY,{
}

CR_EQ_FX_IF_IR_HW_NF_BK_1F_PWC_CalibrationSettings_DKK,{
}

CR_EQ_FX_IF_IR_HW_NF_BK_1F_PWC_CalibrationSettings_EUR,{
}

CR_EQ_FX_IF_IR_HW_NF_BK_1F_PWC_CalibrationSettings_GBP,{
}

CR_EQ_FX_IF_IR_HW_NF_BK_1F_PWC_CalibrationSettings_HKD,{
}

CR_EQ_FX_IF_IR_HW_NF_BK_1F_PWC_CalibrationSettings_IDR,{
}

CR_EQ_FX_IF_IR_HW_NF_BK_1F_PWC_CalibrationSettings_INR,{
}

CR_EQ_FX_IF_IR_HW_NF_BK_1F_PWC_CalibrationSettings_JPY,{
}

CR_EQ_FX_IF_IR_HW_NF_BK_1F_PWC_CalibrationSettings_KRW,{
}

CR_EQ_FX_IF_IR_HW_NF_BK_1F_PWC_CalibrationSettings_MYR,{
}

CR_EQ_FX_IF_IR_HW_NF_BK_1F_PWC_CalibrationSettings_NOK,{
}

CR_EQ_FX_IF_IR_HW_NF_BK_1F_PWC_CalibrationSettings_NZD,{
}

CR_EQ_FX_IF_IR_HW_NF_BK_1F_PWC_CalibrationSettings_PHP,{
}

CR_EQ_FX_IF_IR_HW_NF_BK_1F_PWC_CalibrationSettings_SEK,{
}

CR_EQ_FX_IF_IR_HW_NF_BK_1F_PWC_CalibrationSettings_SGD,{
}

CR_EQ_FX_IF_IR_HW_NF_BK_1F_PWC_CalibrationSettings_THB,{
}

CR_EQ_FX_IF_IR_HW_NF_BK_1F_PWC_CalibrationSettings_TWD,{
}

CR_EQ_FX_IF_IR_HW_NF_BK_1F_PWC_CalibrationSettings_ZAR,{
}

FX_CalibrationSettings,{
bUseNegativeSpotVols,B,false
}

CR_EQ_FX_IF_IR_HW_NF_BK_1F_PWC_CurveNames,{
aIRCurve,AS, USD.Yield.USD,AUD.Yield.AUD,CAD.Yield.CAD,CHF.Yield.CHF,CNH.Yield.CNH,CNY.Yield.CNY,DKK.Yield.DKK,EUR.Yield.EUR,GBP.Yield.GBP,HKD.Yield.HKD,IDR.Yield.IDR,INR.Yield.INR,JPY.Yield.JPY,KRW.Yield.KRW,MYR.Yield.MYR,NOK.Yield.NOK,NZD.Yield.NZD,PHP.Yield.PHP,SEK.Yield.SEK,SGD.Yield.SGD,THB.Yield.THB,TWD.Yield.TWD,ZAR.Yield.ZAR 
aMeanReversionCurve,AS, MR_USD.MeanReversion.USD,MR_AUD.MeanReversion.AUD,MR_CAD.MeanReversion.CAD,MR_CHF.MeanReversion.CHF,MR_CNH.MeanReversion.CNH,MR_CNY.MeanReversion.CNY,MR_DKK.MeanReversion.DKK,MR_EUR.MeanReversion.EUR,MR_GBP.MeanReversion.GBP,MR_HKD.MeanReversion.HKD,MR_IDR.MeanReversion.IDR,MR_INR.MeanReversion.INR,MR_JPY.MeanReversion.JPY,MR_KRW.MeanReversion.KRW,MR_MYR.MeanReversion.MYR,MR_NOK.MeanReversion.NOK,MR_NZD.MeanReversion.NZD,MR_PHP.MeanReversion.PHP,MR_SEK.MeanReversion.SEK,MR_SGD.MeanReversion.SGD,MR_THB.MeanReversion.THB,MR_TWD.MeanReversion.TWD,MR_ZAR.MeanReversion.ZAR 
aSwaptionVolCurve,AS, USD.SwaptionVolMtx.USD,AUD.SwaptionVolMtx.AUD,CAD.SwaptionVolMtx.CAD,CHF.SwaptionVolMtx.CHF,CNH.SwaptionVolMtx.CNH,CNY.SwaptionVolMtx.CNY,DKK.SwaptionVolMtx.DKK,EUR.SwaptionVolMtx.EUR,GBP.SwaptionVolMtx.GBP,HKD.SwaptionVolMtx.HKD,IDR.SwaptionVolMtx.IDR,INR.SwaptionVolMtx.INR,JPY.SwaptionVolMtx.JPY,KRW.SwaptionVolMtx.KRW,MYR.SwaptionVolMtx.MYR,NOK.SwaptionVolMtx.NOK,NZD.SwaptionVolMtx.NZD,PHP.SwaptionVolMtx.PHP,SEK.SwaptionVolMtx.SEK,SGD.SwaptionVolMtx.SGD,THB.SwaptionVolMtx.THB,TWD.SwaptionVolMtx.TWD,ZAR.SwaptionVolMtx.ZAR 
aSpotFXCurve,AS, void,AUD.Exchange.USD,CAD.Exchange.USD,CHF.Exchange.USD,CNH.Exchange.USD,CNY.Exchange.USD,DKK.Exchange.USD,EUR.Exchange.USD,GBP.Exchange.USD,HKD.Exchange.USD,IDR.Exchange.USD,INR.Exchange.USD,JPY.Exchange.USD,KRW.Exchange.USD,MYR.Exchange.USD,NOK.Exchange.USD,NZD.Exchange.USD,PHP.Exchange.USD,SEK.Exchange.USD,SGD.Exchange.USD,THB.Exchange.USD,TWD.Exchange.USD,ZAR.Exchange.USD 
aFXImpliedVolCurve,AS, void,IMPVOL_AUD.ImpliedVol.AUD,IMPVOL_CAD.ImpliedVol.CAD,IMPVOL_CHF.ImpliedVol.CHF,IMPVOL_CNH.ImpliedVol.CNH,IMPVOL_CNY.ImpliedVol.CNY,IMPVOL_DKK.ImpliedVol.DKK,IMPVOL_EUR.ImpliedVol.EUR,IMPVOL_GBP.ImpliedVol.GBP,IMPVOL_HKD.ImpliedVol.HKD,IMPVOL_IDR.ImpliedVol.IDR,IMPVOL_INR.ImpliedVol.INR,IMPVOL_JPY.ImpliedVol.JPY,IMPVOL_KRW.ImpliedVol.KRW,IMPVOL_MYR.ImpliedVol.MYR,IMPVOL_NOK.ImpliedVol.NOK,IMPVOL_NZD.ImpliedVol.NZD,IMPVOL_PHP.ImpliedVol.PHP,IMPVOL_SEK.ImpliedVol.SEK,IMPVOL_SGD.ImpliedVol.SGD,IMPVOL_THB.ImpliedVol.THB,IMPVOL_TWD.ImpliedVol.TWD,IMPVOL_ZAR.ImpliedVol.ZAR 
aINFCurve,AS
aSpotIICurve,AS
aSpotIIVolCurve,AS
aSpotIIImpliedVolCurve,AS
aINFVolCurve,AS
aINFMeanReversionCurve,AS
aSpotEQCurve,AS, AIJPM5UE_USD_EQ.Equity.USD,DJUBS_USD_EQ.Equity.USD,RDXUSD_USD_EQ.Equity.USD,SPXD8UE_USD_EQ.Equity.USD,SPXT10UE_USD_EQ.Equity.USD 
aEQImpliedVolCurve,AS, AIJPM5UE_USD_EQ.ImpliedVol.USD,DJUBS_USD_EQ.ImpliedVol.USD,RDXUSD_USD_EQ.ImpliedVol.USD,SPXD8UE_USD_EQ.ImpliedVol.USD,SPXT10UE_USD_EQ.ImpliedVol.USD 
aEQDividendCurve,AS, void,void,void,void,void 
aCreditCurve,AS
aCorrelationCurve,AS
...,SR_AUD.CorrelBlock.SR_USD
...,SR_CAD.CorrelBlock.SR_USD
...,SR_CHF.CorrelBlock.SR_USD
...,SR_CNH.CorrelBlock.SR_USD
...,SR_CNY.CorrelBlock.SR_USD
...,SR_DKK.CorrelBlock.SR_USD
...,SR_EUR.CorrelBlock.SR_USD
...,SR_GBP.CorrelBlock.SR_USD
...,SR_HKD.CorrelBlock.SR_USD
...,SR_IDR.CorrelBlock.SR_USD
...,SR_INR.CorrelBlock.SR_USD
...,SR_JPY.CorrelBlock.SR_USD
...,SR_KRW.CorrelBlock.SR_USD
...,SR_MYR.CorrelBlock.SR_USD
...,SR_NOK.CorrelBlock.SR_USD
...,SR_NZD.CorrelBlock.SR_USD
...,SR_PHP.CorrelBlock.SR_USD
...,SR_SEK.CorrelBlock.SR_USD
...,SR_SGD.CorrelBlock.SR_USD
...,SR_THB.CorrelBlock.SR_USD
...,SR_TWD.CorrelBlock.SR_USD
...,FX_AUD.CorrelBlock.SR_USD
...,FX_CAD.CorrelBlock.SR_USD
...,FX_CHF.CorrelBlock.SR_USD
...,FX_CNH.CorrelBlock.SR_USD
...,FX_CNY.CorrelBlock.SR_USD
...,FX_DKK.CorrelBlock.SR_USD
...,FX_EUR.CorrelBlock.SR_USD
...,FX_GBP.CorrelBlock.SR_USD
...,FX_HKD.CorrelBlock.SR_USD
...,FX_IDR.CorrelBlock.SR_USD
...,FX_INR.CorrelBlock.SR_USD
...,FX_JPY.CorrelBlock.SR_USD
...,FX_KRW.CorrelBlock.SR_USD
...,FX_MYR.CorrelBlock.SR_USD
...,FX_NOK.CorrelBlock.SR_USD
...,FX_NZD.CorrelBlock.SR_USD
...,FX_PHP.CorrelBlock.SR_USD
...,FX_SEK.CorrelBlock.SR_USD
...,FX_SGD.CorrelBlock.SR_USD
...,FX_THB.CorrelBlock.SR_USD
...,FX_TWD.CorrelBlock.SR_USD
...,EQ_AIJPM5UE_USD_EQ.CorrelBlock.SR_USD
...,EQ_DJUBS_USD_EQ.CorrelBlock.SR_USD
...,EQ_RDXUSD_USD_EQ.CorrelBlock.SR_USD
...,EQ_SPXD8UE_USD_EQ.CorrelBlock.SR_USD
...,EQ_SPXT10UE_USD_EQ.CorrelBlock.SR_USD
...,SR_CAD.CorrelBlock.SR_AUD
...,SR_CHF.CorrelBlock.SR_AUD
...,SR_CNH.CorrelBlock.SR_AUD
...,SR_CNY.CorrelBlock.SR_AUD
...,SR_DKK.CorrelBlock.SR_AUD
...,SR_EUR.CorrelBlock.SR_AUD
...,SR_GBP.CorrelBlock.SR_AUD
...,SR_HKD.CorrelBlock.SR_AUD
...,SR_IDR.CorrelBlock.SR_AUD
...,SR_INR.CorrelBlock.SR_AUD
...,SR_JPY.CorrelBlock.SR_AUD
...,SR_KRW.CorrelBlock.SR_AUD
...,SR_MYR.CorrelBlock.SR_AUD
...,SR_NOK.CorrelBlock.SR_AUD
...,SR_NZD.CorrelBlock.SR_AUD
...,SR_PHP.CorrelBlock.SR_AUD
...,SR_SEK.CorrelBlock.SR_AUD
...,SR_SGD.CorrelBlock.SR_AUD
...,SR_THB.CorrelBlock.SR_AUD
...,SR_TWD.CorrelBlock.SR_AUD
...,FX_CAD.CorrelBlock.SR_AUD
...,FX_CHF.CorrelBlock.SR_AUD
...,FX_CNH.CorrelBlock.SR_AUD
...,FX_CNY.CorrelBlock.SR_AUD
...,FX_DKK.CorrelBlock.SR_AUD
...,FX_EUR.CorrelBlock.SR_AUD
...,FX_GBP.CorrelBlock.SR_AUD
...,FX_HKD.CorrelBlock.SR_AUD
...,FX_IDR.CorrelBlock.SR_AUD
...,FX_INR.CorrelBlock.SR_AUD
...,FX_JPY.CorrelBlock.SR_AUD
...,FX_KRW.CorrelBlock.SR_AUD
...,FX_MYR.CorrelBlock.SR_AUD
...,FX_NOK.CorrelBlock.SR_AUD
...,FX_NZD.CorrelBlock.SR_AUD
...,FX_PHP.CorrelBlock.SR_AUD
...,FX_SEK.CorrelBlock.SR_AUD
...,FX_SGD.CorrelBlock.SR_AUD
...,FX_THB.CorrelBlock.SR_AUD
...,FX_TWD.CorrelBlock.SR_AUD
...,EQ_AIJPM5UE_USD_EQ.CorrelBlock.SR_AUD
...,EQ_DJUBS_USD_EQ.CorrelBlock.SR_AUD
...,EQ_RDXUSD_USD_EQ.CorrelBlock.SR_AUD
...,EQ_SPXD8UE_USD_EQ.CorrelBlock.SR_AUD
...,EQ_SPXT10UE_USD_EQ.CorrelBlock.SR_AUD
...,SR_CHF.CorrelBlock.SR_CAD
...,SR_CNH.CorrelBlock.SR_CAD
...,SR_CNY.CorrelBlock.SR_CAD
...,SR_DKK.CorrelBlock.SR_CAD
...,SR_EUR.CorrelBlock.SR_CAD
...,SR_GBP.CorrelBlock.SR_CAD
...,SR_HKD.CorrelBlock.SR_CAD
...,SR_IDR.CorrelBlock.SR_CAD
...,SR_INR.CorrelBlock.SR_CAD
...,SR_JPY.CorrelBlock.SR_CAD
...,SR_KRW.CorrelBlock.SR_CAD
...,SR_MYR.CorrelBlock.SR_CAD
...,SR_NOK.CorrelBlock.SR_CAD
...,SR_NZD.CorrelBlock.SR_CAD
...,SR_PHP.CorrelBlock.SR_CAD
...,SR_SEK.CorrelBlock.SR_CAD
...,SR_SGD.CorrelBlock.SR_CAD
...,SR_THB.CorrelBlock.SR_CAD
...,SR_TWD.CorrelBlock.SR_CAD
...,FX_CHF.CorrelBlock.SR_CAD
...,FX_CNH.CorrelBlock.SR_CAD
...,FX_CNY.CorrelBlock.SR_CAD
...,FX_DKK.CorrelBlock.SR_CAD
...,FX_EUR.CorrelBlock.SR_CAD
...,FX_GBP.CorrelBlock.SR_CAD
...,FX_HKD.CorrelBlock.SR_CAD
...,FX_IDR.CorrelBlock.SR_CAD
...,FX_INR.CorrelBlock.SR_CAD
...,FX_JPY.CorrelBlock.SR_CAD
...,FX_KRW.CorrelBlock.SR_CAD
...,FX_MYR.CorrelBlock.SR_CAD
...,FX_NOK.CorrelBlock.SR_CAD
...,FX_NZD.CorrelBlock.SR_CAD
...,FX_PHP.CorrelBlock.SR_CAD
...,FX_SEK.CorrelBlock.SR_CAD
...,FX_SGD.CorrelBlock.SR_CAD
...,FX_THB.CorrelBlock.SR_CAD
...,FX_TWD.CorrelBlock.SR_CAD
...,EQ_AIJPM5UE_USD_EQ.CorrelBlock.SR_CAD
...,EQ_DJUBS_USD_EQ.CorrelBlock.SR_CAD
...,EQ_RDXUSD_USD_EQ.CorrelBlock.SR_CAD
...,EQ_SPXD8UE_USD_EQ.CorrelBlock.SR_CAD
...,EQ_SPXT10UE_USD_EQ.CorrelBlock.SR_CAD
...,SR_CNH.CorrelBlock.SR_CHF
...,SR_CNY.CorrelBlock.SR_CHF
...,SR_DKK.CorrelBlock.SR_CHF
...,SR_EUR.CorrelBlock.SR_CHF
...,SR_GBP.CorrelBlock.SR_CHF
...,SR_HKD.CorrelBlock.SR_CHF
...,SR_IDR.CorrelBlock.SR_CHF
...,SR_INR.CorrelBlock.SR_CHF
...,SR_JPY.CorrelBlock.SR_CHF
...,SR_KRW.CorrelBlock.SR_CHF
...,SR_MYR.CorrelBlock.SR_CHF
...,SR_NOK.CorrelBlock.SR_CHF
...,SR_NZD.CorrelBlock.SR_CHF
...,SR_PHP.CorrelBlock.SR_CHF
...,SR_SEK.CorrelBlock.SR_CHF
...,SR_SGD.CorrelBlock.SR_CHF
...,SR_THB.CorrelBlock.SR_CHF
...,SR_TWD.CorrelBlock.SR_CHF
...,FX_CNH.CorrelBlock.SR_CHF
...,FX_CNY.CorrelBlock.SR_CHF
...,FX_DKK.CorrelBlock.SR_CHF
...,FX_EUR.CorrelBlock.SR_CHF
...,FX_GBP.CorrelBlock.SR_CHF
...,FX_HKD.CorrelBlock.SR_CHF
...,FX_IDR.CorrelBlock.SR_CHF
...,FX_INR.CorrelBlock.SR_CHF
...,FX_JPY.CorrelBlock.SR_CHF
...,FX_KRW.CorrelBlock.SR_CHF
...,FX_MYR.CorrelBlock.SR_CHF
...,FX_NOK.CorrelBlock.SR_CHF
...,FX_NZD.CorrelBlock.SR_CHF
...,FX_PHP.CorrelBlock.SR_CHF
...,FX_SEK.CorrelBlock.SR_CHF
...,FX_SGD.CorrelBlock.SR_CHF
...,FX_THB.CorrelBlock.SR_CHF
...,FX_TWD.CorrelBlock.SR_CHF
...,EQ_AIJPM5UE_USD_EQ.CorrelBlock.SR_CHF
...,EQ_DJUBS_USD_EQ.CorrelBlock.SR_CHF
...,EQ_RDXUSD_USD_EQ.CorrelBlock.SR_CHF
...,EQ_SPXD8UE_USD_EQ.CorrelBlock.SR_CHF
...,EQ_SPXT10UE_USD_EQ.CorrelBlock.SR_CHF
...,SR_CNY.CorrelBlock.SR_CNH
...,SR_DKK.CorrelBlock.SR_CNH
...,SR_EUR.CorrelBlock.SR_CNH
...,SR_GBP.CorrelBlock.SR_CNH
...,SR_HKD.CorrelBlock.SR_CNH
...,SR_IDR.CorrelBlock.SR_CNH
...,SR_INR.CorrelBlock.SR_CNH
...,SR_JPY.CorrelBlock.SR_CNH
...,SR_KRW.CorrelBlock.SR_CNH
...,SR_MYR.CorrelBlock.SR_CNH
...,SR_NOK.CorrelBlock.SR_CNH
...,SR_NZD.CorrelBlock.SR_CNH
...,SR_PHP.CorrelBlock.SR_CNH
...,SR_SEK.CorrelBlock.SR_CNH
...,SR_SGD.CorrelBlock.SR_CNH
...,SR_THB.CorrelBlock.SR_CNH
...,SR_TWD.CorrelBlock.SR_CNH
...,FX_CNY.CorrelBlock.SR_CNH
...,FX_DKK.CorrelBlock.SR_CNH
...,FX_EUR.CorrelBlock.SR_CNH
...,FX_GBP.CorrelBlock.SR_CNH
...,FX_HKD.CorrelBlock.SR_CNH
...,FX_IDR.CorrelBlock.SR_CNH
...,FX_INR.CorrelBlock.SR_CNH
...,FX_JPY.CorrelBlock.SR_CNH
...,FX_KRW.CorrelBlock.SR_CNH
...,FX_MYR.CorrelBlock.SR_CNH
...,FX_NOK.CorrelBlock.SR_CNH
...,FX_NZD.CorrelBlock.SR_CNH
...,FX_PHP.CorrelBlock.SR_CNH
...,FX_SEK.CorrelBlock.SR_CNH
...,FX_SGD.CorrelBlock.SR_CNH
...,FX_THB.CorrelBlock.SR_CNH
...,FX_TWD.CorrelBlock.SR_CNH
...,EQ_AIJPM5UE_USD_EQ.CorrelBlock.SR_CNH
...,EQ_DJUBS_USD_EQ.CorrelBlock.SR_CNH
...,EQ_RDXUSD_USD_EQ.CorrelBlock.SR_CNH
...,EQ_SPXD8UE_USD_EQ.CorrelBlock.SR_CNH
...,EQ_SPXT10UE_USD_EQ.CorrelBlock.SR_CNH
...,SR_DKK.CorrelBlock.SR_CNY
...,SR_EUR.CorrelBlock.SR_CNY
...,SR_GBP.CorrelBlock.SR_CNY
...,SR_HKD.CorrelBlock.SR_CNY
...,SR_IDR.CorrelBlock.SR_CNY
...,SR_INR.CorrelBlock.SR_CNY
...,SR_JPY.CorrelBlock.SR_CNY
...,SR_KRW.CorrelBlock.SR_CNY
...,SR_MYR.CorrelBlock.SR_CNY
...,SR_NOK.CorrelBlock.SR_CNY
...,SR_NZD.CorrelBlock.SR_CNY
...,SR_PHP.CorrelBlock.SR_CNY
...,SR_SEK.CorrelBlock.SR_CNY
...,SR_SGD.CorrelBlock.SR_CNY
...,SR_THB.CorrelBlock.SR_CNY
...,SR_TWD.CorrelBlock.SR_CNY
...,FX_DKK.CorrelBlock.SR_CNY
...,FX_EUR.CorrelBlock.SR_CNY
...,FX_GBP.CorrelBlock.SR_CNY
...,FX_HKD.CorrelBlock.SR_CNY
...,FX_IDR.CorrelBlock.SR_CNY
...,FX_INR.CorrelBlock.SR_CNY
...,FX_JPY.CorrelBlock.SR_CNY
...,FX_KRW.CorrelBlock.SR_CNY
...,FX_MYR.CorrelBlock.SR_CNY
...,FX_NOK.CorrelBlock.SR_CNY
...,FX_NZD.CorrelBlock.SR_CNY
...,FX_PHP.CorrelBlock.SR_CNY
...,FX_SEK.CorrelBlock.SR_CNY
...,FX_SGD.CorrelBlock.SR_CNY
...,FX_THB.CorrelBlock.SR_CNY
...,FX_TWD.CorrelBlock.SR_CNY
...,EQ_AIJPM5UE_USD_EQ.CorrelBlock.SR_CNY
...,EQ_DJUBS_USD_EQ.CorrelBlock.SR_CNY
...,EQ_RDXUSD_USD_EQ.CorrelBlock.SR_CNY
...,EQ_SPXD8UE_USD_EQ.CorrelBlock.SR_CNY
...,EQ_SPXT10UE_USD_EQ.CorrelBlock.SR_CNY
...,SR_EUR.CorrelBlock.SR_DKK
...,SR_GBP.CorrelBlock.SR_DKK
...,SR_HKD.CorrelBlock.SR_DKK
...,SR_IDR.CorrelBlock.SR_DKK
...,SR_INR.CorrelBlock.SR_DKK
...,SR_JPY.CorrelBlock.SR_DKK
...,SR_KRW.CorrelBlock.SR_DKK
...,SR_MYR.CorrelBlock.SR_DKK
...,SR_NOK.CorrelBlock.SR_DKK
...,SR_NZD.CorrelBlock.SR_DKK
...,SR_PHP.CorrelBlock.SR_DKK
...,SR_SEK.CorrelBlock.SR_DKK
...,SR_SGD.CorrelBlock.SR_DKK
...,SR_THB.CorrelBlock.SR_DKK
...,SR_TWD.CorrelBlock.SR_DKK
...,FX_EUR.CorrelBlock.SR_DKK
...,FX_GBP.CorrelBlock.SR_DKK
...,FX_HKD.CorrelBlock.SR_DKK
...,FX_IDR.CorrelBlock.SR_DKK
...,FX_INR.CorrelBlock.SR_DKK
...,FX_JPY.CorrelBlock.SR_DKK
...,FX_KRW.CorrelBlock.SR_DKK
...,FX_MYR.CorrelBlock.SR_DKK
...,FX_NOK.CorrelBlock.SR_DKK
...,FX_NZD.CorrelBlock.SR_DKK
...,FX_PHP.CorrelBlock.SR_DKK
...,FX_SEK.CorrelBlock.SR_DKK
...,FX_SGD.CorrelBlock.SR_DKK
...,FX_THB.CorrelBlock.SR_DKK
...,FX_TWD.CorrelBlock.SR_DKK
...,EQ_AIJPM5UE_USD_EQ.CorrelBlock.SR_DKK
...,EQ_DJUBS_USD_EQ.CorrelBlock.SR_DKK
...,EQ_RDXUSD_USD_EQ.CorrelBlock.SR_DKK
...,EQ_SPXD8UE_USD_EQ.CorrelBlock.SR_DKK
...,EQ_SPXT10UE_USD_EQ.CorrelBlock.SR_DKK
...,SR_GBP.CorrelBlock.SR_EUR
...,SR_HKD.CorrelBlock.SR_EUR
...,SR_IDR.CorrelBlock.SR_EUR
...,SR_INR.CorrelBlock.SR_EUR
...,SR_JPY.CorrelBlock.SR_EUR
...,SR_KRW.CorrelBlock.SR_EUR
...,SR_MYR.CorrelBlock.SR_EUR
...,SR_NOK.CorrelBlock.SR_EUR
...,SR_NZD.CorrelBlock.SR_EUR
...,SR_PHP.CorrelBlock.SR_EUR
...,SR_SEK.CorrelBlock.SR_EUR
...,SR_SGD.CorrelBlock.SR_EUR
...,SR_THB.CorrelBlock.SR_EUR
...,SR_TWD.CorrelBlock.SR_EUR
...,FX_GBP.CorrelBlock.SR_EUR
...,FX_HKD.CorrelBlock.SR_EUR
...,FX_IDR.CorrelBlock.SR_EUR
...,FX_INR.CorrelBlock.SR_EUR
...,FX_JPY.CorrelBlock.SR_EUR
...,FX_KRW.CorrelBlock.SR_EUR
...,FX_MYR.CorrelBlock.SR_EUR
...,FX_NOK.CorrelBlock.SR_EUR
...,FX_NZD.CorrelBlock.SR_EUR
...,FX_PHP.CorrelBlock.SR_EUR
...,FX_SEK.CorrelBlock.SR_EUR
...,FX_SGD.CorrelBlock.SR_EUR
...,FX_THB.CorrelBlock.SR_EUR
...,FX_TWD.CorrelBlock.SR_EUR
...,EQ_AIJPM5UE_USD_EQ.CorrelBlock.SR_EUR
...,EQ_DJUBS_USD_EQ.CorrelBlock.SR_EUR
...,EQ_RDXUSD_USD_EQ.CorrelBlock.SR_EUR
...,EQ_SPXD8UE_USD_EQ.CorrelBlock.SR_EUR
...,EQ_SPXT10UE_USD_EQ.CorrelBlock.SR_EUR
...,SR_HKD.CorrelBlock.SR_GBP
...,SR_IDR.CorrelBlock.SR_GBP
...,SR_INR.CorrelBlock.SR_GBP
...,SR_JPY.CorrelBlock.SR_GBP
...,SR_KRW.CorrelBlock.SR_GBP
...,SR_MYR.CorrelBlock.SR_GBP
...,SR_NOK.CorrelBlock.SR_GBP
...,SR_NZD.CorrelBlock.SR_GBP
...,SR_PHP.CorrelBlock.SR_GBP
...,SR_SEK.CorrelBlock.SR_GBP
...,SR_SGD.CorrelBlock.SR_GBP
...,SR_THB.CorrelBlock.SR_GBP
...,SR_TWD.CorrelBlock.SR_GBP
...,FX_HKD.CorrelBlock.SR_GBP
...,FX_IDR.CorrelBlock.SR_GBP
...,FX_INR.CorrelBlock.SR_GBP
...,FX_JPY.CorrelBlock.SR_GBP
...,FX_KRW.CorrelBlock.SR_GBP
...,FX_MYR.CorrelBlock.SR_GBP
...,FX_NOK.CorrelBlock.SR_GBP
...,FX_NZD.CorrelBlock.SR_GBP
...,FX_PHP.CorrelBlock.SR_GBP
...,FX_SEK.CorrelBlock.SR_GBP
...,FX_SGD.CorrelBlock.SR_GBP
...,FX_THB.CorrelBlock.SR_GBP
...,FX_TWD.CorrelBlock.SR_GBP
...,EQ_AIJPM5UE_USD_EQ.CorrelBlock.SR_GBP
...,EQ_DJUBS_USD_EQ.CorrelBlock.SR_GBP
...,EQ_RDXUSD_USD_EQ.CorrelBlock.SR_GBP
...,EQ_SPXD8UE_USD_EQ.CorrelBlock.SR_GBP
...,EQ_SPXT10UE_USD_EQ.CorrelBlock.SR_GBP
...,SR_IDR.CorrelBlock.SR_HKD
...,SR_INR.CorrelBlock.SR_HKD
...,SR_JPY.CorrelBlock.SR_HKD
...,SR_KRW.CorrelBlock.SR_HKD
...,SR_MYR.CorrelBlock.SR_HKD
...,SR_NOK.CorrelBlock.SR_HKD
...,SR_NZD.CorrelBlock.SR_HKD
...,SR_PHP.CorrelBlock.SR_HKD
...,SR_SEK.CorrelBlock.SR_HKD
...,SR_SGD.CorrelBlock.SR_HKD
...,SR_THB.CorrelBlock.SR_HKD
...,SR_TWD.CorrelBlock.SR_HKD
...,FX_IDR.CorrelBlock.SR_HKD
...,FX_INR.CorrelBlock.SR_HKD
...,FX_JPY.CorrelBlock.SR_HKD
...,FX_KRW.CorrelBlock.SR_HKD
...,FX_MYR.CorrelBlock.SR_HKD
...,FX_NOK.CorrelBlock.SR_HKD
...,FX_NZD.CorrelBlock.SR_HKD
...,FX_PHP.CorrelBlock.SR_HKD
...,FX_SEK.CorrelBlock.SR_HKD
...,FX_SGD.CorrelBlock.SR_HKD
...,FX_THB.CorrelBlock.SR_HKD
...,FX_TWD.CorrelBlock.SR_HKD
...,EQ_AIJPM5UE_USD_EQ.CorrelBlock.SR_HKD
...,EQ_DJUBS_USD_EQ.CorrelBlock.SR_HKD
...,EQ_RDXUSD_USD_EQ.CorrelBlock.SR_HKD
...,EQ_SPXD8UE_USD_EQ.CorrelBlock.SR_HKD
...,EQ_SPXT10UE_USD_EQ.CorrelBlock.SR_HKD
...,SR_INR.CorrelBlock.SR_IDR
...,SR_JPY.CorrelBlock.SR_IDR
...,SR_KRW.CorrelBlock.SR_IDR
...,SR_MYR.CorrelBlock.SR_IDR
...,SR_NOK.CorrelBlock.SR_IDR
...,SR_NZD.CorrelBlock.SR_IDR
...,SR_PHP.CorrelBlock.SR_IDR
...,SR_SEK.CorrelBlock.SR_IDR
...,SR_SGD.CorrelBlock.SR_IDR
...,SR_THB.CorrelBlock.SR_IDR
...,SR_TWD.CorrelBlock.SR_IDR
...,FX_INR.CorrelBlock.SR_IDR
...,FX_JPY.CorrelBlock.SR_IDR
...,FX_KRW.CorrelBlock.SR_IDR
...,FX_MYR.CorrelBlock.SR_IDR
...,FX_NOK.CorrelBlock.SR_IDR
...,FX_NZD.CorrelBlock.SR_IDR
...,FX_PHP.CorrelBlock.SR_IDR
...,FX_SEK.CorrelBlock.SR_IDR
...,FX_SGD.CorrelBlock.SR_IDR
...,FX_THB.CorrelBlock.SR_IDR
...,FX_TWD.CorrelBlock.SR_IDR
...,EQ_AIJPM5UE_USD_EQ.CorrelBlock.SR_IDR
...,EQ_DJUBS_USD_EQ.CorrelBlock.SR_IDR
...,EQ_RDXUSD_USD_EQ.CorrelBlock.SR_IDR
...,EQ_SPXD8UE_USD_EQ.CorrelBlock.SR_IDR
...,EQ_SPXT10UE_USD_EQ.CorrelBlock.SR_IDR
...,SR_JPY.CorrelBlock.SR_INR
...,SR_KRW.CorrelBlock.SR_INR
...,SR_MYR.CorrelBlock.SR_INR
...,SR_NOK.CorrelBlock.SR_INR
...,SR_NZD.CorrelBlock.SR_INR
...,SR_PHP.CorrelBlock.SR_INR
...,SR_SEK.CorrelBlock.SR_INR
...,SR_SGD.CorrelBlock.SR_INR
...,SR_THB.CorrelBlock.SR_INR
...,SR_TWD.CorrelBlock.SR_INR
...,FX_JPY.CorrelBlock.SR_INR
...,FX_KRW.CorrelBlock.SR_INR
...,FX_MYR.CorrelBlock.SR_INR
...,FX_NOK.CorrelBlock.SR_INR
...,FX_NZD.CorrelBlock.SR_INR
...,FX_PHP.CorrelBlock.SR_INR
...,FX_SEK.CorrelBlock.SR_INR
...,FX_SGD.CorrelBlock.SR_INR
...,FX_THB.CorrelBlock.SR_INR
...,FX_TWD.CorrelBlock.SR_INR
...,EQ_AIJPM5UE_USD_EQ.CorrelBlock.SR_INR
...,EQ_DJUBS_USD_EQ.CorrelBlock.SR_INR
...,EQ_RDXUSD_USD_EQ.CorrelBlock.SR_INR
...,EQ_SPXD8UE_USD_EQ.CorrelBlock.SR_INR
...,EQ_SPXT10UE_USD_EQ.CorrelBlock.SR_INR
...,SR_KRW.CorrelBlock.SR_JPY
...,SR_MYR.CorrelBlock.SR_JPY
...,SR_NOK.CorrelBlock.SR_JPY
...,SR_NZD.CorrelBlock.SR_JPY
...,SR_PHP.CorrelBlock.SR_JPY
...,SR_SEK.CorrelBlock.SR_JPY
...,SR_SGD.CorrelBlock.SR_JPY
...,SR_THB.CorrelBlock.SR_JPY
...,SR_TWD.CorrelBlock.SR_JPY
...,FX_KRW.CorrelBlock.SR_JPY
...,FX_MYR.CorrelBlock.SR_JPY
...,FX_NOK.CorrelBlock.SR_JPY
...,FX_NZD.CorrelBlock.SR_JPY
...,FX_PHP.CorrelBlock.SR_JPY
...,FX_SEK.CorrelBlock.SR_JPY
...,FX_SGD.CorrelBlock.SR_JPY
...,FX_THB.CorrelBlock.SR_JPY
...,FX_TWD.CorrelBlock.SR_JPY
...,EQ_AIJPM5UE_USD_EQ.CorrelBlock.SR_JPY
...,EQ_DJUBS_USD_EQ.CorrelBlock.SR_JPY
...,EQ_RDXUSD_USD_EQ.CorrelBlock.SR_JPY
...,EQ_SPXD8UE_USD_EQ.CorrelBlock.SR_JPY
...,EQ_SPXT10UE_USD_EQ.CorrelBlock.SR_JPY
...,SR_MYR.CorrelBlock.SR_KRW
...,SR_NOK.CorrelBlock.SR_KRW
...,SR_NZD.CorrelBlock.SR_KRW
...,SR_PHP.CorrelBlock.SR_KRW
...,SR_SEK.CorrelBlock.SR_KRW
...,SR_SGD.CorrelBlock.SR_KRW
...,SR_THB.CorrelBlock.SR_KRW
...,SR_TWD.CorrelBlock.SR_KRW
...,FX_MYR.CorrelBlock.SR_KRW
...,FX_NOK.CorrelBlock.SR_KRW
...,FX_NZD.CorrelBlock.SR_KRW
...,FX_PHP.CorrelBlock.SR_KRW
...,FX_SEK.CorrelBlock.SR_KRW
...,FX_SGD.CorrelBlock.SR_KRW
...,FX_THB.CorrelBlock.SR_KRW
...,FX_TWD.CorrelBlock.SR_KRW
...,EQ_AIJPM5UE_USD_EQ.CorrelBlock.SR_KRW
...,EQ_DJUBS_USD_EQ.CorrelBlock.SR_KRW
...,EQ_RDXUSD_USD_EQ.CorrelBlock.SR_KRW
...,EQ_SPXD8UE_USD_EQ.CorrelBlock.SR_KRW
...,EQ_SPXT10UE_USD_EQ.CorrelBlock.SR_KRW
...,SR_NOK.CorrelBlock.SR_MYR
...,SR_NZD.CorrelBlock.SR_MYR
...,SR_PHP.CorrelBlock.SR_MYR
...,SR_SEK.CorrelBlock.SR_MYR
...,SR_SGD.CorrelBlock.SR_MYR
...,SR_THB.CorrelBlock.SR_MYR
...,SR_TWD.CorrelBlock.SR_MYR
...,FX_NOK.CorrelBlock.SR_MYR
...,FX_NZD.CorrelBlock.SR_MYR
...,FX_PHP.CorrelBlock.SR_MYR
...,FX_SEK.CorrelBlock.SR_MYR
...,FX_SGD.CorrelBlock.SR_MYR
...,FX_THB.CorrelBlock.SR_MYR
...,FX_TWD.CorrelBlock.SR_MYR
...,EQ_AIJPM5UE_USD_EQ.CorrelBlock.SR_MYR
...,EQ_DJUBS_USD_EQ.CorrelBlock.SR_MYR
...,EQ_RDXUSD_USD_EQ.CorrelBlock.SR_MYR
...,EQ_SPXD8UE_USD_EQ.CorrelBlock.SR_MYR
...,EQ_SPXT10UE_USD_EQ.CorrelBlock.SR_MYR
...,SR_NZD.CorrelBlock.SR_NOK
...,SR_PHP.CorrelBlock.SR_NOK
...,SR_SEK.CorrelBlock.SR_NOK
...,SR_SGD.CorrelBlock.SR_NOK
...,SR_THB.CorrelBlock.SR_NOK
...,SR_TWD.CorrelBlock.SR_NOK
...,FX_NZD.CorrelBlock.SR_NOK
...,FX_PHP.CorrelBlock.SR_NOK
...,FX_SEK.CorrelBlock.SR_NOK
...,FX_SGD.CorrelBlock.SR_NOK
...,FX_THB.CorrelBlock.SR_NOK
...,FX_TWD.CorrelBlock.SR_NOK
...,EQ_AIJPM5UE_USD_EQ.CorrelBlock.SR_NOK
...,EQ_DJUBS_USD_EQ.CorrelBlock.SR_NOK
...,EQ_RDXUSD_USD_EQ.CorrelBlock.SR_NOK
...,EQ_SPXD8UE_USD_EQ.CorrelBlock.SR_NOK
...,EQ_SPXT10UE_USD_EQ.CorrelBlock.SR_NOK
...,SR_PHP.CorrelBlock.SR_NZD
...,SR_SEK.CorrelBlock.SR_NZD
...,SR_SGD.CorrelBlock.SR_NZD
...,SR_THB.CorrelBlock.SR_NZD
...,SR_TWD.CorrelBlock.SR_NZD
...,FX_PHP.CorrelBlock.SR_NZD
...,FX_SEK.CorrelBlock.SR_NZD
...,FX_SGD.CorrelBlock.SR_NZD
...,FX_THB.CorrelBlock.SR_NZD
...,FX_TWD.CorrelBlock.SR_NZD
...,EQ_AIJPM5UE_USD_EQ.CorrelBlock.SR_NZD
...,EQ_DJUBS_USD_EQ.CorrelBlock.SR_NZD
...,EQ_RDXUSD_USD_EQ.CorrelBlock.SR_NZD
...,EQ_SPXD8UE_USD_EQ.CorrelBlock.SR_NZD
...,EQ_SPXT10UE_USD_EQ.CorrelBlock.SR_NZD
...,SR_SEK.CorrelBlock.SR_PHP
...,SR_SGD.CorrelBlock.SR_PHP
...,SR_THB.CorrelBlock.SR_PHP
...,SR_TWD.CorrelBlock.SR_PHP
...,FX_SEK.CorrelBlock.SR_PHP
...,FX_SGD.CorrelBlock.SR_PHP
...,FX_THB.CorrelBlock.SR_PHP
...,FX_TWD.CorrelBlock.SR_PHP
...,EQ_AIJPM5UE_USD_EQ.CorrelBlock.SR_PHP
...,EQ_DJUBS_USD_EQ.CorrelBlock.SR_PHP
...,EQ_RDXUSD_USD_EQ.CorrelBlock.SR_PHP
...,EQ_SPXD8UE_USD_EQ.CorrelBlock.SR_PHP
...,EQ_SPXT10UE_USD_EQ.CorrelBlock.SR_PHP
...,SR_SGD.CorrelBlock.SR_SEK
...,SR_THB.CorrelBlock.SR_SEK
...,SR_TWD.CorrelBlock.SR_SEK
...,FX_SGD.CorrelBlock.SR_SEK
...,FX_THB.CorrelBlock.SR_SEK
...,FX_TWD.CorrelBlock.SR_SEK
...,EQ_AIJPM5UE_USD_EQ.CorrelBlock.SR_SEK
...,EQ_DJUBS_USD_EQ.CorrelBlock.SR_SEK
...,EQ_RDXUSD_USD_EQ.CorrelBlock.SR_SEK
...,EQ_SPXD8UE_USD_EQ.CorrelBlock.SR_SEK
...,EQ_SPXT10UE_USD_EQ.CorrelBlock.SR_SEK
...,SR_THB.CorrelBlock.SR_SGD
...,SR_TWD.CorrelBlock.SR_SGD
...,FX_THB.CorrelBlock.SR_SGD
...,FX_TWD.CorrelBlock.SR_SGD
...,EQ_AIJPM5UE_USD_EQ.CorrelBlock.SR_SGD
...,EQ_DJUBS_USD_EQ.CorrelBlock.SR_SGD
...,EQ_RDXUSD_USD_EQ.CorrelBlock.SR_SGD
...,EQ_SPXD8UE_USD_EQ.CorrelBlock.SR_SGD
...,EQ_SPXT10UE_USD_EQ.CorrelBlock.SR_SGD
...,SR_TWD.CorrelBlock.SR_THB
...,FX_TWD.CorrelBlock.SR_THB
...,EQ_AIJPM5UE_USD_EQ.CorrelBlock.SR_THB
...,EQ_DJUBS_USD_EQ.CorrelBlock.SR_THB
...,EQ_RDXUSD_USD_EQ.CorrelBlock.SR_THB
...,EQ_SPXD8UE_USD_EQ.CorrelBlock.SR_THB
...,EQ_SPXT10UE_USD_EQ.CorrelBlock.SR_THB
...,EQ_AIJPM5UE_USD_EQ.CorrelBlock.SR_TWD
...,EQ_DJUBS_USD_EQ.CorrelBlock.SR_TWD
...,EQ_RDXUSD_USD_EQ.CorrelBlock.SR_TWD
...,EQ_SPXD8UE_USD_EQ.CorrelBlock.SR_TWD
...,EQ_SPXT10UE_USD_EQ.CorrelBlock.SR_TWD
...,FX_AUD.CorrelBlock.FX_USD
...,FX_CAD.CorrelBlock.FX_USD
...,FX_CHF.CorrelBlock.FX_USD
...,FX_CNH.CorrelBlock.FX_USD
...,FX_CNY.CorrelBlock.FX_USD
...,FX_DKK.CorrelBlock.FX_USD
...,FX_EUR.CorrelBlock.FX_USD
...,FX_GBP.CorrelBlock.FX_USD
...,FX_HKD.CorrelBlock.FX_USD
...,FX_IDR.CorrelBlock.FX_USD
...,FX_INR.CorrelBlock.FX_USD
...,FX_JPY.CorrelBlock.FX_USD
...,FX_KRW.CorrelBlock.FX_USD
...,FX_MYR.CorrelBlock.FX_USD
...,FX_NOK.CorrelBlock.FX_USD
...,FX_NZD.CorrelBlock.FX_USD
...,FX_PHP.CorrelBlock.FX_USD
...,FX_SEK.CorrelBlock.FX_USD
...,FX_SGD.CorrelBlock.FX_USD
...,FX_THB.CorrelBlock.FX_USD
...,FX_TWD.CorrelBlock.FX_USD
...,EQ_AIJPM5UE_USD_EQ.CorrelBlock.FX_USD
...,EQ_DJUBS_USD_EQ.CorrelBlock.FX_USD
...,EQ_RDXUSD_USD_EQ.CorrelBlock.FX_USD
...,EQ_SPXD8UE_USD_EQ.CorrelBlock.FX_USD
...,EQ_SPXT10UE_USD_EQ.CorrelBlock.FX_USD
...,FX_CAD.CorrelBlock.FX_AUD
...,FX_CHF.CorrelBlock.FX_AUD
...,FX_CNH.CorrelBlock.FX_AUD
...,FX_CNY.CorrelBlock.FX_AUD
...,FX_DKK.CorrelBlock.FX_AUD
...,FX_EUR.CorrelBlock.FX_AUD
...,FX_GBP.CorrelBlock.FX_AUD
...,FX_HKD.CorrelBlock.FX_AUD
...,FX_IDR.CorrelBlock.FX_AUD
...,FX_INR.CorrelBlock.FX_AUD
...,FX_JPY.CorrelBlock.FX_AUD
...,FX_KRW.CorrelBlock.FX_AUD
...,FX_MYR.CorrelBlock.FX_AUD
...,FX_NOK.CorrelBlock.FX_AUD
...,FX_NZD.CorrelBlock.FX_AUD
...,FX_PHP.CorrelBlock.FX_AUD
...,FX_SEK.CorrelBlock.FX_AUD
...,FX_SGD.CorrelBlock.FX_AUD
...,FX_THB.CorrelBlock.FX_AUD
...,FX_TWD.CorrelBlock.FX_AUD
...,EQ_AIJPM5UE_USD_EQ.CorrelBlock.FX_AUD
...,EQ_DJUBS_USD_EQ.CorrelBlock.FX_AUD
...,EQ_RDXUSD_USD_EQ.CorrelBlock.FX_AUD
...,EQ_SPXD8UE_USD_EQ.CorrelBlock.FX_AUD
...,EQ_SPXT10UE_USD_EQ.CorrelBlock.FX_AUD
...,FX_CHF.CorrelBlock.FX_CAD
...,FX_CNH.CorrelBlock.FX_CAD
...,FX_CNY.CorrelBlock.FX_CAD
...,FX_DKK.CorrelBlock.FX_CAD
...,FX_EUR.CorrelBlock.FX_CAD
...,FX_GBP.CorrelBlock.FX_CAD
...,FX_HKD.CorrelBlock.FX_CAD
...,FX_IDR.CorrelBlock.FX_CAD
...,FX_INR.CorrelBlock.FX_CAD
...,FX_JPY.CorrelBlock.FX_CAD
...,FX_KRW.CorrelBlock.FX_CAD
...,FX_MYR.CorrelBlock.FX_CAD
...,FX_NOK.CorrelBlock.FX_CAD
...,FX_NZD.CorrelBlock.FX_CAD
...,FX_PHP.CorrelBlock.FX_CAD
...,FX_SEK.CorrelBlock.FX_CAD
...,FX_SGD.CorrelBlock.FX_CAD
...,FX_THB.CorrelBlock.FX_CAD
...,FX_TWD.CorrelBlock.FX_CAD
...,EQ_AIJPM5UE_USD_EQ.CorrelBlock.FX_CAD
...,EQ_DJUBS_USD_EQ.CorrelBlock.FX_CAD
...,EQ_RDXUSD_USD_EQ.CorrelBlock.FX_CAD
...,EQ_SPXD8UE_USD_EQ.CorrelBlock.FX_CAD
...,EQ_SPXT10UE_USD_EQ.CorrelBlock.FX_CAD
...,FX_CNH.CorrelBlock.FX_CHF
...,FX_CNY.CorrelBlock.FX_CHF
...,FX_DKK.CorrelBlock.FX_CHF
...,FX_EUR.CorrelBlock.FX_CHF
...,FX_GBP.CorrelBlock.FX_CHF
...,FX_HKD.CorrelBlock.FX_CHF
...,FX_IDR.CorrelBlock.FX_CHF
...,FX_INR.CorrelBlock.FX_CHF
...,FX_JPY.CorrelBlock.FX_CHF
...,FX_KRW.CorrelBlock.FX_CHF
...,FX_MYR.CorrelBlock.FX_CHF
...,FX_NOK.CorrelBlock.FX_CHF
...,FX_NZD.CorrelBlock.FX_CHF
...,FX_PHP.CorrelBlock.FX_CHF
...,FX_SEK.CorrelBlock.FX_CHF
...,FX_SGD.CorrelBlock.FX_CHF
...,FX_THB.CorrelBlock.FX_CHF
...,FX_TWD.CorrelBlock.FX_CHF
...,EQ_AIJPM5UE_USD_EQ.CorrelBlock.FX_CHF
...,EQ_DJUBS_USD_EQ.CorrelBlock.FX_CHF
...,EQ_RDXUSD_USD_EQ.CorrelBlock.FX_CHF
...,EQ_SPXD8UE_USD_EQ.CorrelBlock.FX_CHF
...,EQ_SPXT10UE_USD_EQ.CorrelBlock.FX_CHF
...,FX_CNY.CorrelBlock.FX_CNH
...,FX_DKK.CorrelBlock.FX_CNH
...,FX_EUR.CorrelBlock.FX_CNH
...,FX_GBP.CorrelBlock.FX_CNH
...,FX_HKD.CorrelBlock.FX_CNH
...,FX_IDR.CorrelBlock.FX_CNH
...,FX_INR.CorrelBlock.FX_CNH
...,FX_JPY.CorrelBlock.FX_CNH
...,FX_KRW.CorrelBlock.FX_CNH
...,FX_MYR.CorrelBlock.FX_CNH
...,FX_NOK.CorrelBlock.FX_CNH
...,FX_NZD.CorrelBlock.FX_CNH
...,FX_PHP.CorrelBlock.FX_CNH
...,FX_SEK.CorrelBlock.FX_CNH
...,FX_SGD.CorrelBlock.FX_CNH
...,FX_THB.CorrelBlock.FX_CNH
...,FX_TWD.CorrelBlock.FX_CNH
...,EQ_AIJPM5UE_USD_EQ.CorrelBlock.FX_CNH
...,EQ_DJUBS_USD_EQ.CorrelBlock.FX_CNH
...,EQ_RDXUSD_USD_EQ.CorrelBlock.FX_CNH
...,EQ_SPXD8UE_USD_EQ.CorrelBlock.FX_CNH
...,EQ_SPXT10UE_USD_EQ.CorrelBlock.FX_CNH
...,FX_DKK.CorrelBlock.FX_CNY
...,FX_EUR.CorrelBlock.FX_CNY
...,FX_GBP.CorrelBlock.FX_CNY
...,FX_HKD.CorrelBlock.FX_CNY
...,FX_IDR.CorrelBlock.FX_CNY
...,FX_INR.CorrelBlock.FX_CNY
...,FX_JPY.CorrelBlock.FX_CNY
...,FX_KRW.CorrelBlock.FX_CNY
...,FX_MYR.CorrelBlock.FX_CNY
...,FX_NOK.CorrelBlock.FX_CNY
...,FX_NZD.CorrelBlock.FX_CNY
...,FX_PHP.CorrelBlock.FX_CNY
...,FX_SEK.CorrelBlock.FX_CNY
...,FX_SGD.CorrelBlock.FX_CNY
...,FX_THB.CorrelBlock.FX_CNY
...,FX_TWD.CorrelBlock.FX_CNY
...,EQ_AIJPM5UE_USD_EQ.CorrelBlock.FX_CNY
...,EQ_DJUBS_USD_EQ.CorrelBlock.FX_CNY
...,EQ_RDXUSD_USD_EQ.CorrelBlock.FX_CNY
...,EQ_SPXD8UE_USD_EQ.CorrelBlock.FX_CNY
...,EQ_SPXT10UE_USD_EQ.CorrelBlock.FX_CNY
...,FX_EUR.CorrelBlock.FX_DKK
...,FX_GBP.CorrelBlock.FX_DKK
...,FX_HKD.CorrelBlock.FX_DKK
...,FX_IDR.CorrelBlock.FX_DKK
...,FX_INR.CorrelBlock.FX_DKK
...,FX_JPY.CorrelBlock.FX_DKK
...,FX_KRW.CorrelBlock.FX_DKK
...,FX_MYR.CorrelBlock.FX_DKK
...,FX_NOK.CorrelBlock.FX_DKK
...,FX_NZD.CorrelBlock.FX_DKK
...,FX_PHP.CorrelBlock.FX_DKK
...,FX_SEK.CorrelBlock.FX_DKK
...,FX_SGD.CorrelBlock.FX_DKK
...,FX_THB.CorrelBlock.FX_DKK
...,FX_TWD.CorrelBlock.FX_DKK
...,EQ_AIJPM5UE_USD_EQ.CorrelBlock.FX_DKK
...,EQ_DJUBS_USD_EQ.CorrelBlock.FX_DKK
...,EQ_RDXUSD_USD_EQ.CorrelBlock.FX_DKK
...,EQ_SPXD8UE_USD_EQ.CorrelBlock.FX_DKK
...,EQ_SPXT10UE_USD_EQ.CorrelBlock.FX_DKK
...,FX_GBP.CorrelBlock.FX_EUR
...,FX_HKD.CorrelBlock.FX_EUR
...,FX_IDR.CorrelBlock.FX_EUR
...,FX_INR.CorrelBlock.FX_EUR
...,FX_JPY.CorrelBlock.FX_EUR
...,FX_KRW.CorrelBlock.FX_EUR
...,FX_MYR.CorrelBlock.FX_EUR
...,FX_NOK.CorrelBlock.FX_EUR
...,FX_NZD.CorrelBlock.FX_EUR
...,FX_PHP.CorrelBlock.FX_EUR
...,FX_SEK.CorrelBlock.FX_EUR
...,FX_SGD.CorrelBlock.FX_EUR
...,FX_THB.CorrelBlock.FX_EUR
...,FX_TWD.CorrelBlock.FX_EUR
...,EQ_AIJPM5UE_USD_EQ.CorrelBlock.FX_EUR
...,EQ_DJUBS_USD_EQ.CorrelBlock.FX_EUR
...,EQ_RDXUSD_USD_EQ.CorrelBlock.FX_EUR
...,EQ_SPXD8UE_USD_EQ.CorrelBlock.FX_EUR
...,EQ_SPXT10UE_USD_EQ.CorrelBlock.FX_EUR
...,FX_HKD.CorrelBlock.FX_GBP
...,FX_IDR.CorrelBlock.FX_GBP
...,FX_INR.CorrelBlock.FX_GBP
...,FX_JPY.CorrelBlock.FX_GBP
...,FX_KRW.CorrelBlock.FX_GBP
...,FX_MYR.CorrelBlock.FX_GBP
...,FX_NOK.CorrelBlock.FX_GBP
...,FX_NZD.CorrelBlock.FX_GBP
...,FX_PHP.CorrelBlock.FX_GBP
...,FX_SEK.CorrelBlock.FX_GBP
...,FX_SGD.CorrelBlock.FX_GBP
...,FX_THB.CorrelBlock.FX_GBP
...,FX_TWD.CorrelBlock.FX_GBP
...,EQ_AIJPM5UE_USD_EQ.CorrelBlock.FX_GBP
...,EQ_DJUBS_USD_EQ.CorrelBlock.FX_GBP
...,EQ_RDXUSD_USD_EQ.CorrelBlock.FX_GBP
...,EQ_SPXD8UE_USD_EQ.CorrelBlock.FX_GBP
...,EQ_SPXT10UE_USD_EQ.CorrelBlock.FX_GBP
...,FX_IDR.CorrelBlock.FX_HKD
...,FX_INR.CorrelBlock.FX_HKD
...,FX_JPY.CorrelBlock.FX_HKD
...,FX_KRW.CorrelBlock.FX_HKD
...,FX_MYR.CorrelBlock.FX_HKD
...,FX_NOK.CorrelBlock.FX_HKD
...,FX_NZD.CorrelBlock.FX_HKD
...,FX_PHP.CorrelBlock.FX_HKD
...,FX_SEK.CorrelBlock.FX_HKD
...,FX_SGD.CorrelBlock.FX_HKD
...,FX_THB.CorrelBlock.FX_HKD
...,FX_TWD.CorrelBlock.FX_HKD
...,EQ_AIJPM5UE_USD_EQ.CorrelBlock.FX_HKD
...,EQ_DJUBS_USD_EQ.CorrelBlock.FX_HKD
...,EQ_RDXUSD_USD_EQ.CorrelBlock.FX_HKD
...,EQ_SPXD8UE_USD_EQ.CorrelBlock.FX_HKD
...,EQ_SPXT10UE_USD_EQ.CorrelBlock.FX_HKD
...,FX_INR.CorrelBlock.FX_IDR
...,FX_JPY.CorrelBlock.FX_IDR
...,FX_KRW.CorrelBlock.FX_IDR
...,FX_MYR.CorrelBlock.FX_IDR
...,FX_NOK.CorrelBlock.FX_IDR
...,FX_NZD.CorrelBlock.FX_IDR
...,FX_PHP.CorrelBlock.FX_IDR
...,FX_SEK.CorrelBlock.FX_IDR
...,FX_SGD.CorrelBlock.FX_IDR
...,FX_THB.CorrelBlock.FX_IDR
...,FX_TWD.CorrelBlock.FX_IDR
...,EQ_AIJPM5UE_USD_EQ.CorrelBlock.FX_IDR
...,EQ_DJUBS_USD_EQ.CorrelBlock.FX_IDR
...,EQ_RDXUSD_USD_EQ.CorrelBlock.FX_IDR
...,EQ_SPXD8UE_USD_EQ.CorrelBlock.FX_IDR
...,EQ_SPXT10UE_USD_EQ.CorrelBlock.FX_IDR
...,FX_JPY.CorrelBlock.FX_INR
...,FX_KRW.CorrelBlock.FX_INR
...,FX_MYR.CorrelBlock.FX_INR
...,FX_NOK.CorrelBlock.FX_INR
...,FX_NZD.CorrelBlock.FX_INR
...,FX_PHP.CorrelBlock.FX_INR
...,FX_SEK.CorrelBlock.FX_INR
...,FX_SGD.CorrelBlock.FX_INR
...,FX_THB.CorrelBlock.FX_INR
...,FX_TWD.CorrelBlock.FX_INR
...,EQ_AIJPM5UE_USD_EQ.CorrelBlock.FX_INR
...,EQ_DJUBS_USD_EQ.CorrelBlock.FX_INR
...,EQ_RDXUSD_USD_EQ.CorrelBlock.FX_INR
...,EQ_SPXD8UE_USD_EQ.CorrelBlock.FX_INR
...,EQ_SPXT10UE_USD_EQ.CorrelBlock.FX_INR
...,FX_KRW.CorrelBlock.FX_JPY
...,FX_MYR.CorrelBlock.FX_JPY
...,FX_NOK.CorrelBlock.FX_JPY
...,FX_NZD.CorrelBlock.FX_JPY
...,FX_PHP.CorrelBlock.FX_JPY
...,FX_SEK.CorrelBlock.FX_JPY
...,FX_SGD.CorrelBlock.FX_JPY
...,FX_THB.CorrelBlock.FX_JPY
...,FX_TWD.CorrelBlock.FX_JPY
...,EQ_AIJPM5UE_USD_EQ.CorrelBlock.FX_JPY
...,EQ_DJUBS_USD_EQ.CorrelBlock.FX_JPY
...,EQ_RDXUSD_USD_EQ.CorrelBlock.FX_JPY
...,EQ_SPXD8UE_USD_EQ.CorrelBlock.FX_JPY
...,EQ_SPXT10UE_USD_EQ.CorrelBlock.FX_JPY
...,FX_MYR.CorrelBlock.FX_KRW
...,FX_NOK.CorrelBlock.FX_KRW
...,FX_NZD.CorrelBlock.FX_KRW
...,FX_PHP.CorrelBlock.FX_KRW
...,FX_SEK.CorrelBlock.FX_KRW
...,FX_SGD.CorrelBlock.FX_KRW
...,FX_THB.CorrelBlock.FX_KRW
...,FX_TWD.CorrelBlock.FX_KRW
...,EQ_AIJPM5UE_USD_EQ.CorrelBlock.FX_KRW
...,EQ_DJUBS_USD_EQ.CorrelBlock.FX_KRW
...,EQ_RDXUSD_USD_EQ.CorrelBlock.FX_KRW
...,EQ_SPXD8UE_USD_EQ.CorrelBlock.FX_KRW
...,EQ_SPXT10UE_USD_EQ.CorrelBlock.FX_KRW
...,FX_NOK.CorrelBlock.FX_MYR
...,FX_NZD.CorrelBlock.FX_MYR
...,FX_PHP.CorrelBlock.FX_MYR
...,FX_SEK.CorrelBlock.FX_MYR
...,FX_SGD.CorrelBlock.FX_MYR
...,FX_THB.CorrelBlock.FX_MYR
...,FX_TWD.CorrelBlock.FX_MYR
...,EQ_AIJPM5UE_USD_EQ.CorrelBlock.FX_MYR
...,EQ_DJUBS_USD_EQ.CorrelBlock.FX_MYR
...,EQ_RDXUSD_USD_EQ.CorrelBlock.FX_MYR
...,EQ_SPXD8UE_USD_EQ.CorrelBlock.FX_MYR
...,EQ_SPXT10UE_USD_EQ.CorrelBlock.FX_MYR
...,FX_NZD.CorrelBlock.FX_NOK
...,FX_PHP.CorrelBlock.FX_NOK
...,FX_SEK.CorrelBlock.FX_NOK
...,FX_SGD.CorrelBlock.FX_NOK
...,FX_THB.CorrelBlock.FX_NOK
...,FX_TWD.CorrelBlock.FX_NOK
...,EQ_AIJPM5UE_USD_EQ.CorrelBlock.FX_NOK
...,EQ_DJUBS_USD_EQ.CorrelBlock.FX_NOK
...,EQ_RDXUSD_USD_EQ.CorrelBlock.FX_NOK
...,EQ_SPXD8UE_USD_EQ.CorrelBlock.FX_NOK
...,EQ_SPXT10UE_USD_EQ.CorrelBlock.FX_NOK
...,FX_PHP.CorrelBlock.FX_NZD
...,FX_SEK.CorrelBlock.FX_NZD
...,FX_SGD.CorrelBlock.FX_NZD
...,FX_THB.CorrelBlock.FX_NZD
...,FX_TWD.CorrelBlock.FX_NZD
...,EQ_AIJPM5UE_USD_EQ.CorrelBlock.FX_NZD
...,EQ_DJUBS_USD_EQ.CorrelBlock.FX_NZD
...,EQ_RDXUSD_USD_EQ.CorrelBlock.FX_NZD
...,EQ_SPXD8UE_USD_EQ.CorrelBlock.FX_NZD
...,EQ_SPXT10UE_USD_EQ.CorrelBlock.FX_NZD
...,FX_SEK.CorrelBlock.FX_PHP
...,FX_SGD.CorrelBlock.FX_PHP
...,FX_THB.CorrelBlock.FX_PHP
...,FX_TWD.CorrelBlock.FX_PHP
...,EQ_AIJPM5UE_USD_EQ.CorrelBlock.FX_PHP
...,EQ_DJUBS_USD_EQ.CorrelBlock.FX_PHP
...,EQ_RDXUSD_USD_EQ.CorrelBlock.FX_PHP
...,EQ_SPXD8UE_USD_EQ.CorrelBlock.FX_PHP
...,EQ_SPXT10UE_USD_EQ.CorrelBlock.FX_PHP
...,FX_SGD.CorrelBlock.FX_SEK
...,FX_THB.CorrelBlock.FX_SEK
...,FX_TWD.CorrelBlock.FX_SEK
...,EQ_AIJPM5UE_USD_EQ.CorrelBlock.FX_SEK
...,EQ_DJUBS_USD_EQ.CorrelBlock.FX_SEK
...,EQ_RDXUSD_USD_EQ.CorrelBlock.FX_SEK
...,EQ_SPXD8UE_USD_EQ.CorrelBlock.FX_SEK
...,EQ_SPXT10UE_USD_EQ.CorrelBlock.FX_SEK
...,FX_THB.CorrelBlock.FX_SGD
...,FX_TWD.CorrelBlock.FX_SGD
...,EQ_AIJPM5UE_USD_EQ.CorrelBlock.FX_SGD
...,EQ_DJUBS_USD_EQ.CorrelBlock.FX_SGD
...,EQ_RDXUSD_USD_EQ.CorrelBlock.FX_SGD
...,EQ_SPXD8UE_USD_EQ.CorrelBlock.FX_SGD
...,EQ_SPXT10UE_USD_EQ.CorrelBlock.FX_SGD
...,FX_TWD.CorrelBlock.FX_THB
...,EQ_AIJPM5UE_USD_EQ.CorrelBlock.FX_THB
...,EQ_DJUBS_USD_EQ.CorrelBlock.FX_THB
...,EQ_RDXUSD_USD_EQ.CorrelBlock.FX_THB
...,EQ_SPXD8UE_USD_EQ.CorrelBlock.FX_THB
...,EQ_SPXT10UE_USD_EQ.CorrelBlock.FX_THB
...,EQ_DJUBS_USD_EQ.CorrelBlock.EQ_AIJPM5UE_USD_EQ
...,EQ_RDXUSD_USD_EQ.CorrelBlock.EQ_AIJPM5UE_USD_EQ
...,EQ_SPXD8UE_USD_EQ.CorrelBlock.EQ_AIJPM5UE_USD_EQ
...,EQ_SPXT10UE_USD_EQ.CorrelBlock.EQ_AIJPM5UE_USD_EQ
...,EQ_RDXUSD_USD_EQ.CorrelBlock.EQ_DJUBS_USD_EQ
...,EQ_SPXD8UE_USD_EQ.CorrelBlock.EQ_DJUBS_USD_EQ
...,EQ_SPXT10UE_USD_EQ.CorrelBlock.EQ_DJUBS_USD_EQ
...,EQ_SPXD8UE_USD_EQ.CorrelBlock.EQ_RDXUSD_USD_EQ
...,EQ_SPXT10UE_USD_EQ.CorrelBlock.EQ_RDXUSD_USD_EQ
...,EQ_SPXT10UE_USD_EQ.CorrelBlock.EQ_SPXD8UE_USD_EQ
}

CR_EQ_FX_IF_IR_HW_NF_BK_1F_PWC_DataExtractionSettings,{
ampDataExtractionSettingsIR,AL, Swaption_DataExtractionSetting,Swaption_DataExtractionSetting,Swaption_DataExtractionSetting,Swaption_DataExtractionSetting,Swaption_DataExtractionSetting,Swaption_DataExtractionSetting,Swaption_DataExtractionSetting,Swaption_DataExtractionSetting,Swaption_DataExtractionSetting,Swaption_DataExtractionSetting,Swaption_DataExtractionSetting,Swaption_DataExtractionSetting,Swaption_DataExtractionSetting,Swaption_DataExtractionSetting,Swaption_DataExtractionSetting,Swaption_DataExtractionSetting,Swaption_DataExtractionSetting,Swaption_DataExtractionSetting,Swaption_DataExtractionSetting,Swaption_DataExtractionSetting,Swaption_DataExtractionSetting,Swaption_DataExtractionSetting,Swaption_DataExtractionSetting 
ampDataExtractionSettingsFX,AL, EMPTY_MAP,EMPTY_MAP,EMPTY_MAP,EMPTY_MAP,EMPTY_MAP,EMPTY_MAP,EMPTY_MAP,EMPTY_MAP,EMPTY_MAP,EMPTY_MAP,EMPTY_MAP,EMPTY_MAP,EMPTY_MAP,EMPTY_MAP,EMPTY_MAP,EMPTY_MAP,EMPTY_MAP,EMPTY_MAP,EMPTY_MAP,EMPTY_MAP,EMPTY_MAP,EMPTY_MAP,EMPTY_MAP 
ampDataExtractionSettingsEQ,AL, EMPTY_MAP,EMPTY_MAP,EMPTY_MAP,EMPTY_MAP,EMPTY_MAP,EMPTY_MAP 
ampDataExtractionSettingsII,AL
aidxCDSCCY,AN
}

Swaption_DataExtractionSetting,{
strMethod,S,Swaption
}

EMPTY_MAP,{
}

PORTFOLIO_INFO,{
dtLastCashflow,D,2101/07/28
dtLastRequiredDF,D,2101/07/28
}

mpMarketDataProviderModules,{
}

